claim_id,policy_id,customer_id,agent_id,claim_amount,coverage_amount,deductible_amount,payout_amount,filed_date,closed_date,processing_days,claim_status
CLM00001,POL0020,CUST065,AGT015,21943.08,95000,1500,20443.08,2023-07-21,2023-07-31,10,Approved
CLM00002,POL0099,CUST007,AGT004,14213.78,35000,1500,12713.78,2023-09-18,2023-10-13,25,Approved
CLM00003,POL0062,CUST058,AGT004,44173.07,270000,2500,41673.07,2025-05-02,2025-05-30,28,Approved
CLM00004,POL0038,CUST067,AGT005,7577.76,35000,1500,6077.76,2024-09-30,2024-10-25,25,Approved
CLM00005,POL0097,CUST004,AGT015,286948.95,915000,0,286948.95,2025-04-07,2025-06-14,68,Approved
CLM00006,POL0114,CUST007,AGT009,63018.23,355000,5000,58018.23,2024-03-22,2024-05-01,40,Approved
CLM00007,POL0078,CUST072,AGT012,3176.02,40000,1500,0.0,2024-09-20,,0,Pending
CLM00008,POL0023,CUST030,AGT003,21703.67,55000,250,21453.67,2024-06-15,2024-07-04,19,Approved
CLM00009,POL0022,CUST064,AGT001,22981.22,25000,1000,21981.22,2023-12-08,2024-01-01,24,Approved
CLM00010,POL0089,CUST070,AGT011,327621.01,380000,0,0.0,2025-03-18,2025-04-06,38,Under Review
CLM00011,POL0030,CUST015,AGT014,19110.55,35000,500,18610.55,2023-09-16,2023-09-28,12,Approved
CLM00012,POL0107,CUST071,AGT015,19273.46,75000,500,18773.46,2025-03-27,2025-04-08,12,Approved
CLM00013,POL0102,CUST037,AGT001,17292.2,35000,500,16792.2,2025-01-16,2025-02-14,29,Approved
CLM00014,POL0015,CUST033,AGT007,24323.2,25000,250,0.0,2024-07-06,,0,Pending
CLM00015,POL0125,CUST073,AGT004,96935.24,265000,0,96935.24,2024-06-26,2024-09-07,73,Approved
CLM00016,POL0043,CUST051,AGT010,6451.75,80000,250,6201.75,2023-06-18,2023-07-15,27,Approved
CLM00017,POL0011,CUST062,AGT006,97592.86,520000,0,0.0,2025-04-30,,0,Pending
CLM00018,POL0105,CUST074,AGT010,50927.87,365000,2500,48427.87,2024-02-27,2024-03-20,22,Approved
CLM00019,POL0074,CUST029,AGT009,24646.22,25000,250,24396.22,2024-02-02,2024-02-24,22,Approved
CLM00020,POL0049,CUST043,AGT011,20858.19,45000,1000,19858.19,2023-12-17,2024-01-11,25,Approved
CLM00021,POL0110,CUST042,AGT010,24200.43,75000,1500,0.0,2023-09-22,2023-10-06,14,Denied
CLM00022,POL0107,CUST071,AGT009,13820.55,75000,500,13320.55,2024-07-19,2024-08-02,14,Approved
CLM00023,POL0048,CUST002,AGT008,804.87,40000,1500,0.0,2023-12-22,2024-01-02,11,Denied
CLM00024,POL0103,CUST010,AGT010,7772.18,25000,1500,6272.18,2024-08-29,2024-09-19,21,Approved
CLM00025,POL0073,CUST014,AGT003,7767.97,60000,250,7517.97,2024-01-17,2024-02-03,17,Approved
CLM00026,POL0027,CUST073,AGT005,9478.76,75000,250,0.0,2024-12-08,2024-12-11,6,Under Review
CLM00027,POL0099,CUST007,AGT009,11794.42,35000,1500,0.0,2024-01-26,2024-01-29,6,Under Review
CLM00028,POL0021,CUST068,AGT002,22136.93,450000,5000,0.0,2023-06-10,,0,Pending
CLM00029,POL0049,CUST043,AGT010,12785.62,45000,1000,11785.62,2023-06-20,2023-07-18,28,Approved
CLM00030,POL0032,CUST055,AGT002,5172.4,65000,1500,3672.4,2024-12-05,2025-01-02,28,Approved
CLM00031,POL0046,CUST055,AGT006,8321.28,75000,1000,7321.28,2024-12-30,2025-01-16,17,Approved
CLM00032,POL0066,CUST060,AGT002,34985.67,380000,2500,32485.67,2023-08-28,2023-09-15,18,Approved
CLM00033,POL0014,CUST057,AGT013,70653.39,295000,1000,0.0,2023-08-08,,0,Pending
CLM00034,POL0098,CUST046,AGT005,53897.29,150000,500,53397.29,2023-09-30,2023-11-01,32,Approved
CLM00035,POL0004,CUST063,AGT004,705.13,30000,1000,0.0,2024-04-11,2024-04-24,13,Denied
CLM00036,POL0028,CUST024,AGT004,202765.97,215000,0,202765.97,2023-12-24,2024-02-16,54,Approved
CLM00037,POL0111,CUST035,AGT011,15239.94,50000,1500,13739.94,2024-01-17,2024-02-16,30,Approved
CLM00038,POL0067,CUST066,AGT002,6266.29,95000,500,5766.29,2025-02-19,2025-03-07,16,Approved
CLM00039,POL0108,CUST023,AGT001,2487.98,30000,250,2237.98,2023-10-31,2023-11-29,29,Approved
CLM00040,POL0004,CUST063,AGT011,23427.07,30000,1000,22427.07,2023-11-02,2023-11-23,21,Approved
CLM00041,POL0053,CUST029,AGT009,10135.61,90000,1000,9135.61,2025-01-21,2025-02-17,27,Approved
CLM00042,POL0109,CUST031,AGT011,410000.1,725000,0,0.0,2024-11-10,2024-12-22,42,Denied
CLM00043,POL0100,CUST066,AGT014,69939.45,330000,500,0.0,2025-04-20,2025-05-15,25,Denied
CLM00044,POL0013,CUST045,AGT003,24640.02,260000,500,24140.02,2024-08-07,2024-09-05,29,Approved
CLM00045,POL0093,CUST011,AGT015,34778.27,530000,5000,29778.27,2024-08-27,2024-09-13,17,Approved
CLM00046,POL0086,CUST026,AGT015,5152.02,75000,500,4652.02,2024-08-02,2024-08-26,24,Approved
CLM00047,POL0018,CUST016,AGT010,2979.22,80000,1500,1479.22,2024-04-14,2024-05-13,29,Approved
CLM00048,POL0089,CUST070,AGT015,288945.33,380000,0,288945.33,2024-01-14,2024-03-09,55,Approved
CLM00049,POL0078,CUST072,AGT014,22606.8,40000,1500,21106.8,2023-09-18,2023-10-02,14,Approved
CLM00050,POL0067,CUST066,AGT012,3635.57,95000,500,3135.57,2024-04-07,2024-04-18,11,Approved
CLM00051,POL0106,CUST021,AGT015,22787.89,230000,500,22287.89,2024-07-05,2024-07-31,26,Approved
CLM00052,POL0071,CUST045,AGT012,53601.91,675000,500,53101.91,2024-04-25,2024-06-07,43,Approved
CLM00053,POL0104,CUST026,AGT012,11398.75,35000,500,10898.75,2024-08-24,2024-09-12,19,Approved
CLM00054,POL0055,CUST031,AGT007,45306.17,245000,500,0.0,2024-09-30,,0,Pending
CLM00055,POL0002,CUST020,AGT007,6076.54,90000,500,5576.54,2025-02-13,2025-03-08,23,Approved
CLM00056,POL0092,CUST065,AGT009,23633.78,90000,1000,22633.78,2023-06-29,2023-07-27,28,Approved
CLM00057,POL0104,CUST026,AGT005,14867.24,35000,500,14367.24,2025-03-01,2025-03-19,18,Approved
CLM00058,POL0076,CUST020,AGT003,359455.12,645000,0,0.0,2024-06-01,,0,Under Review
CLM00059,POL0017,CUST009,AGT008,64896.36,390000,2500,62396.36,2025-01-24,2025-03-03,38,Approved
CLM00060,POL0011,CUST062,AGT013,73336.55,520000,0,0.0,2024-08-20,2024-09-20,62,Under Review
CLM00061,POL0053,CUST029,AGT009,6592.9,90000,1000,5592.9,2024-07-17,2024-07-24,7,Approved
CLM00062,POL0039,CUST048,AGT007,37233.3,395000,1000,36233.3,2025-03-27,2025-05-08,42,Approved
CLM00063,POL0055,CUST031,AGT010,28083.91,245000,500,0.0,2023-09-21,,0,Pending
CLM00064,POL0074,CUST029,AGT002,21210.48,25000,250,20960.48,2025-04-14,2025-04-25,11,Approved
CLM00065,POL0054,CUST002,AGT005,21861.73,95000,1000,0.0,2024-04-21,,0,Under Review
CLM00066,POL0057,CUST069,AGT004,48779.38,230000,5000,0.0,2023-10-31,,0,Pending
CLM00067,POL0046,CUST055,AGT001,3069.19,75000,1000,2069.19,2024-03-04,2024-03-13,9,Approved
CLM00068,POL0039,CUST048,AGT007,3806.19,395000,1000,2806.19,2024-05-20,2024-06-17,28,Approved
CLM00069,POL0002,CUST020,AGT007,13588.98,90000,500,13088.98,2023-07-03,2023-07-24,21,Approved
CLM00070,POL0082,CUST051,AGT006,9561.01,70000,1500,8061.01,2023-06-12,2023-07-02,20,Approved
CLM00071,POL0098,CUST046,AGT005,65155.55,150000,500,0.0,2023-12-23,,0,Pending
CLM00072,POL0050,CUST009,AGT014,4554.54,70000,500,4054.54,2023-07-20,2023-08-13,24,Approved
CLM00073,POL0048,CUST002,AGT010,11497.59,40000,1500,9997.59,2024-03-04,2024-04-02,29,Approved
CLM00074,POL0011,CUST062,AGT005,396330.51,520000,0,396330.51,2024-07-10,2024-09-27,79,Approved
CLM00075,POL0121,CUST022,AGT005,16473.65,50000,250,0.0,2024-08-27,,0,Pending
CLM00076,POL0024,CUST068,AGT015,379226.55,955000,0,379226.55,2023-10-18,2023-12-19,62,Approved
CLM00077,POL0062,CUST058,AGT002,63446.7,270000,2500,60946.7,2025-05-02,2025-05-25,23,Approved
CLM00078,POL0125,CUST073,AGT003,224622.56,265000,0,224622.56,2024-07-23,2024-10-05,74,Approved
CLM00079,POL0008,CUST028,AGT013,35020.21,680000,2500,32520.21,2024-09-29,2024-10-26,27,Approved
CLM00080,POL0002,CUST020,AGT004,15981.44,90000,500,15481.44,2024-05-10,2024-06-04,25,Approved
CLM00081,POL0049,CUST043,AGT013,24866.48,45000,1000,0.0,2024-11-20,,0,Pending
CLM00082,POL0028,CUST024,AGT006,43090.72,215000,0,43090.72,2024-12-17,2025-02-10,55,Approved
CLM00083,POL0078,CUST072,AGT011,16402.9,40000,1500,14902.9,2024-05-07,2024-05-12,5,Approved
CLM00084,POL0095,CUST051,AGT009,5545.11,100000,250,5295.11,2024-08-23,2024-09-07,15,Approved
CLM00085,POL0010,CUST053,AGT008,5825.82,55000,1500,4325.82,2024-06-26,2024-07-05,9,Approved
CLM00086,POL0073,CUST014,AGT014,12472.23,60000,250,12222.23,2025-02-02,2025-02-14,12,Approved
CLM00087,POL0046,CUST055,AGT015,20364.08,75000,1000,19364.08,2024-10-17,2024-10-22,5,Approved
CLM00088,POL0109,CUST031,AGT004,28263.69,725000,0,28263.69,2023-08-23,2023-11-10,79,Approved
CLM00089,POL0005,CUST014,AGT009,454364.8,730000,0,0.0,2025-03-06,,0,Under Review
CLM00090,POL0095,CUST051,AGT009,1082.81,100000,250,832.81,2024-10-20,2024-11-03,14,Approved
CLM00091,POL0055,CUST031,AGT003,4466.64,245000,500,0.0,2023-12-13,,0,Pending
CLM00092,POL0004,CUST063,AGT009,6370.26,30000,1000,0.0,2024-11-08,,0,Pending
CLM00093,POL0073,CUST014,AGT007,7491.41,60000,250,7241.41,2023-06-24,2023-07-18,24,Approved
CLM00094,POL0017,CUST009,AGT012,9872.21,390000,2500,7372.21,2024-10-22,2024-11-25,34,Approved
CLM00095,POL0092,CUST065,AGT011,12807.01,90000,1000,11807.01,2023-11-07,2023-11-18,11,Approved
CLM00096,POL0023,CUST030,AGT008,11987.69,55000,250,11737.69,2024-06-24,2024-07-12,18,Approved
CLM00097,POL0018,CUST016,AGT007,999.96,80000,1500,0,2024-04-24,2024-05-24,30,Approved
CLM00098,POL0029,CUST037,AGT010,21068.9,50000,1500,19568.9,2024-01-08,2024-01-16,8,Approved
CLM00099,POL0033,CUST034,AGT010,6292.02,80000,1500,4792.02,2023-12-27,2024-01-07,11,Approved
CLM00100,POL0108,CUST023,AGT013,22451.52,30000,250,22201.52,2024-04-23,2024-05-22,29,Approved
CLM00101,POL0057,CUST069,AGT008,54830.52,230000,5000,49830.52,2025-03-05,2025-04-09,35,Approved
CLM00102,POL0041,CUST012,AGT003,10499.37,30000,1000,9499.37,2023-06-21,2023-07-07,16,Approved
CLM00103,POL0073,CUST014,AGT004,24869.83,60000,250,24619.83,2025-03-02,2025-03-17,15,Approved
CLM00104,POL0114,CUST007,AGT009,26638.7,355000,5000,21638.7,2024-09-10,2024-10-03,23,Approved
CLM00105,POL0035,CUST068,AGT014,11852.13,50000,500,11352.13,2023-07-18,2023-07-30,12,Approved
CLM00106,POL0074,CUST029,AGT015,14499.06,25000,250,14249.06,2025-02-27,2025-03-29,30,Approved
CLM00107,POL0042,CUST069,AGT011,337568.98,750000,0,337568.98,2023-10-11,2023-12-24,74,Approved
CLM00108,POL0075,CUST015,AGT014,5264.1,535000,2500,2764.1,2023-06-22,2023-08-05,44,Approved
CLM00109,POL0065,CUST068,AGT005,20191.74,85000,500,0.0,2023-07-02,2023-07-27,25,Denied
CLM00110,POL0077,CUST065,AGT015,11063.66,75000,1500,0.0,2025-02-15,2025-02-23,17,Under Review
CLM00111,POL0038,CUST067,AGT003,23287.43,35000,1500,21787.43,2025-03-31,2025-04-06,6,Approved
CLM00112,POL0101,CUST056,AGT014,44998.02,265000,500,44498.02,2023-09-01,2023-10-13,42,Approved
CLM00113,POL0087,CUST024,AGT013,1852.26,60000,1500,352.26,2024-01-23,2024-02-20,28,Approved
CLM00114,POL0119,CUST038,AGT007,6031.73,95000,1000,5031.73,2024-06-06,2024-06-16,10,Approved
CLM00115,POL0070,CUST029,AGT010,21395.19,35000,500,20895.19,2024-03-17,2024-04-02,16,Approved
CLM00116,POL0090,CUST054,AGT015,3693.22,40000,500,3193.22,2025-04-20,2025-04-30,10,Approved
CLM00117,POL0020,CUST065,AGT005,11962.78,95000,1500,0.0,2023-09-18,,0,Pending
CLM00118,POL0032,CUST055,AGT006,10927.17,65000,1500,9427.17,2024-11-08,2024-11-25,17,Approved
CLM00119,POL0020,CUST065,AGT001,9990.58,95000,1500,0.0,2024-03-06,2024-04-02,27,Denied
CLM00120,POL0087,CUST024,AGT002,9969.9,60000,1500,0.0,2024-01-10,,0,Pending
CLM00121,POL0102,CUST037,AGT003,23114.13,35000,500,22614.13,2024-08-04,2024-08-15,11,Approved
CLM00122,POL0111,CUST035,AGT011,4120.23,50000,1500,0.0,2024-07-25,,0,Pending
CLM00123,POL0053,CUST029,AGT006,20394.56,90000,1000,0.0,2024-01-26,,0,Pending
CLM00124,POL0016,CUST047,AGT001,333257.31,380000,0,0.0,2023-10-01,2023-11-29,59,Denied
CLM00125,POL0086,CUST026,AGT005,13430.27,75000,500,0.0,2023-11-24,,0,Pending
CLM00126,POL0048,CUST002,AGT014,15667.48,40000,1500,0.0,2023-07-22,2023-08-10,19,Denied
CLM00127,POL0038,CUST067,AGT005,8063.97,35000,1500,6563.97,2023-10-22,2023-11-04,13,Approved
CLM00128,POL0022,CUST064,AGT014,1980.5,25000,1000,980.5,2024-02-11,2024-02-29,18,Approved
CLM00129,POL0086,CUST026,AGT007,2567.3,75000,500,0.0,2023-09-12,2023-09-24,12,Denied
CLM00130,POL0019,CUST047,AGT006,70681.37,350000,5000,0.0,2025-04-14,2025-05-05,42,Under Review
CLM00131,POL0097,CUST004,AGT004,399376.3,915000,0,399376.3,2025-05-02,2025-06-28,57,Approved
CLM00132,POL0064,CUST004,AGT014,19536.34,30000,250,19286.34,2024-06-21,2024-07-07,16,Approved
CLM00133,POL0017,CUST009,AGT008,7391.3,390000,2500,4891.3,2024-01-14,2024-02-15,32,Approved
CLM00134,POL0081,CUST022,AGT012,19936.76,65000,500,19436.76,2024-09-19,2024-09-26,7,Approved
CLM00135,POL0010,CUST053,AGT005,15009.74,55000,1500,13509.74,2024-01-03,2024-02-02,30,Approved
CLM00136,POL0072,CUST027,AGT003,11634.57,50000,250,11384.57,2024-02-05,2024-02-20,15,Approved
CLM00137,POL0120,CUST004,AGT003,5632.83,65000,500,5132.83,2025-03-09,2025-04-02,24,Approved
CLM00138,POL0061,CUST042,AGT008,7037.96,735000,1000,0.0,2024-02-24,,0,Pending
CLM00139,POL0071,CUST045,AGT009,69659.95,675000,500,0.0,2024-01-09,2024-02-23,45,Denied
CLM00140,POL0087,CUST024,AGT007,12471.88,60000,1500,10971.88,2024-01-25,2024-01-31,6,Approved
CLM00141,POL0005,CUST014,AGT008,495165.51,730000,0,0.0,2024-05-26,,0,Pending
CLM00142,POL0059,CUST003,AGT011,22756.58,385000,500,22256.58,2024-09-18,2024-10-07,19,Approved
CLM00143,POL0055,CUST031,AGT013,59112.15,245000,500,58612.15,2024-05-17,2024-06-16,30,Approved
CLM00144,POL0012,CUST070,AGT001,20073.69,55000,1000,19073.69,2023-09-13,2023-09-29,16,Approved
CLM00145,POL0056,CUST066,AGT002,6761.59,75000,1500,5261.59,2024-12-15,2025-01-06,22,Approved
CLM00146,POL0093,CUST011,AGT014,39411.56,530000,5000,0.0,2024-09-09,,0,Pending
CLM00147,POL0008,CUST028,AGT004,39446.07,680000,2500,36946.07,2024-12-05,2024-12-18,13,Approved
CLM00148,POL0082,CUST051,AGT002,24186.72,70000,1500,22686.72,2024-09-17,2024-09-23,6,Approved
CLM00149,POL0022,CUST064,AGT013,15095.1,25000,1000,0.0,2024-12-19,,0,Pending
CLM00150,POL0032,CUST055,AGT005,10703.92,65000,1500,9203.92,2024-12-01,2024-12-23,22,Approved
CLM00151,POL0100,CUST066,AGT011,47037.03,330000,500,0.0,2025-05-04,2025-05-27,23,Denied
CLM00152,POL0025,CUST070,AGT003,54493.21,630000,5000,49493.21,2023-06-19,2023-07-25,36,Approved
CLM00153,POL0106,CUST021,AGT002,27616.6,230000,500,27116.6,2023-12-20,2024-01-01,12,Approved
CLM00154,POL0099,CUST007,AGT004,5291.02,35000,1500,0.0,2024-08-10,,0,Pending
CLM00155,POL0026,CUST074,AGT010,72001.55,350000,5000,67001.55,2025-03-28,2025-04-17,20,Approved
CLM00156,POL0046,CUST055,AGT013,11457.12,75000,1000,10457.12,2025-01-12,2025-02-10,29,Approved
CLM00157,POL0012,CUST070,AGT006,15910.17,55000,1000,14910.17,2023-08-05,2023-08-15,10,Approved
CLM00158,POL0003,CUST072,AGT002,53228.01,165000,5000,48228.01,2024-05-19,2024-06-14,26,Approved
CLM00159,POL0058,CUST038,AGT005,5787.69,55000,1000,4787.69,2025-01-16,2025-02-01,16,Approved
CLM00160,POL0101,CUST056,AGT008,25672.45,265000,500,25172.45,2024-08-11,2024-09-02,22,Approved
CLM00161,POL0019,CUST047,AGT015,19215.21,350000,5000,0.0,2024-10-10,,0,Pending
CLM00162,POL0116,CUST047,AGT010,57722.22,265000,1000,0.0,2025-02-16,,0,Pending
CLM00163,POL0079,CUST040,AGT010,15893.51,45000,250,15643.51,2025-03-28,2025-04-15,18,Approved
CLM00164,POL0078,CUST072,AGT003,5759.97,40000,1500,0.0,2024-12-28,,0,Pending
CLM00165,POL0067,CUST066,AGT002,3545.49,95000,500,3045.49,2024-01-01,2024-01-07,6,Approved
CLM00166,POL0095,CUST051,AGT002,9088.92,100000,250,8838.92,2025-02-20,2025-03-22,30,Approved
CLM00167,POL0059,CUST003,AGT012,24675.44,385000,500,24175.44,2024-03-15,2024-04-23,39,Approved
CLM00168,POL0005,CUST014,AGT007,119545.8,730000,0,119545.8,2025-01-24,2025-02-23,30,Approved
CLM00169,POL0063,CUST003,AGT010,9103.3,80000,250,8853.3,2024-03-28,2024-04-02,5,Approved
CLM00170,POL0061,CUST042,AGT010,1677.15,735000,1000,677.15,2023-07-09,2023-08-01,23,Approved
CLM00171,POL0107,CUST071,AGT010,4373.04,75000,500,3873.04,2025-03-13,2025-03-20,7,Approved
CLM00172,POL0081,CUST022,AGT015,21684.39,65000,500,0.0,2024-08-14,2024-08-30,16,Denied
CLM00173,POL0104,CUST026,AGT014,20324.52,35000,500,19824.52,2023-11-18,2023-11-28,10,Approved
CLM00174,POL0022,CUST064,AGT003,23145.79,25000,1000,22145.79,2025-01-02,2025-01-22,20,Approved
CLM00175,POL0018,CUST016,AGT001,6538.69,80000,1500,5038.69,2024-07-14,2024-08-08,25,Approved
CLM00176,POL0041,CUST012,AGT013,6289.8,30000,1000,5289.8,2024-04-02,2024-05-01,29,Approved
CLM00177,POL0065,CUST068,AGT014,19916.84,85000,500,19416.84,2024-06-24,2024-07-16,22,Approved
CLM00178,POL0087,CUST024,AGT001,2873.83,60000,1500,1373.83,2023-10-05,2023-10-12,7,Approved
CLM00179,POL0009,CUST054,AGT009,11849.94,465000,2500,0.0,2025-03-29,,0,Under Review
CLM00180,POL0115,CUST030,AGT015,6690.4,430000,1000,0.0,2025-03-16,2025-04-11,26,Denied
CLM00181,POL0052,CUST051,AGT001,20061.44,670000,5000,15061.44,2024-03-24,2024-04-09,16,Approved
CLM00182,POL0122,CUST038,AGT002,23915.4,95000,250,0.0,2024-05-04,,0,Pending
CLM00183,POL0110,CUST042,AGT002,11458.27,75000,1500,9958.27,2024-09-17,2024-10-07,20,Approved
CLM00184,POL0082,CUST051,AGT012,19842.39,70000,1500,18342.39,2023-09-02,2023-09-15,13,Approved
CLM00185,POL0033,CUST034,AGT015,10223.74,80000,1500,8723.74,2024-10-31,2024-11-29,29,Approved
CLM00186,POL0112,CUST026,AGT012,73640.25,590000,2500,71140.25,2024-08-22,2024-09-01,10,Approved
CLM00187,POL0049,CUST043,AGT002,1919.42,45000,1000,919.42,2024-08-28,2024-09-05,8,Approved
CLM00188,POL0050,CUST009,AGT007,11767.66,70000,500,0.0,2024-08-29,,0,Pending
CLM00189,POL0030,CUST015,AGT011,24170.66,35000,500,23670.66,2023-10-10,2023-10-16,6,Approved
CLM00190,POL0065,CUST068,AGT010,24837.36,85000,500,24337.36,2025-02-08,2025-03-09,29,Approved
CLM00191,POL0068,CUST058,AGT003,21005.97,75000,1500,0.0,2024-11-05,,0,Pending
CLM00192,POL0057,CUST069,AGT010,23547.25,230000,5000,18547.25,2025-04-23,2025-06-03,41,Approved
CLM00193,POL0094,CUST065,AGT001,916.15,45000,1500,0,2024-06-09,2024-06-14,5,Approved
CLM00194,POL0083,CUST073,AGT004,22199.9,75000,1000,21199.9,2025-01-03,2025-01-27,24,Approved
CLM00195,POL0042,CUST069,AGT006,102013.74,750000,0,102013.74,2023-11-23,2024-01-30,68,Approved
CLM00196,POL0108,CUST023,AGT011,11986.32,30000,250,11736.32,2024-12-12,2025-01-01,20,Approved
CLM00197,POL0051,CUST045,AGT004,52385.34,250000,2500,0.0,2023-12-13,2024-01-27,45,Denied
CLM00198,POL0118,CUST059,AGT003,130569.57,890000,0,130569.57,2024-06-19,2024-07-22,33,Approved
CLM00199,POL0012,CUST070,AGT012,13672.09,55000,1000,12672.09,2024-10-02,2024-10-17,15,Approved
CLM00200,POL0098,CUST046,AGT013,50547.84,150000,500,50047.84,2024-03-14,2024-03-24,10,Approved
CLM00201,POL0079,CUST040,AGT013,8926.38,45000,250,8676.38,2024-07-08,2024-08-03,26,Approved
CLM00202,POL0021,CUST068,AGT015,25766.63,450000,5000,20766.63,2024-01-07,2024-01-30,23,Approved
CLM00203,POL0089,CUST070,AGT008,141794.2,380000,0,0.0,2024-10-11,2024-11-29,49,Denied
CLM00204,POL0050,CUST009,AGT005,12185.4,70000,500,11685.4,2024-04-14,2024-05-03,19,Approved
CLM00205,POL0095,CUST051,AGT014,2178.73,100000,250,1928.73,2024-10-18,2024-10-26,8,Approved
CLM00206,POL0125,CUST073,AGT003,49269.77,265000,0,0.0,2025-03-08,,0,Pending
CLM00207,POL0008,CUST028,AGT003,22115.47,680000,2500,19615.47,2024-12-03,2024-12-20,17,Approved
CLM00208,POL0047,CUST051,AGT009,7123.86,65000,250,6873.86,2023-09-19,2023-10-08,19,Approved
CLM00209,POL0105,CUST074,AGT004,24424.93,365000,2500,0.0,2023-10-30,,0,Pending
CLM00210,POL0001,CUST057,AGT008,47460.62,565000,5000,42460.62,2023-12-13,2024-01-16,34,Approved
CLM00211,POL0016,CUST047,AGT002,81880.8,380000,0,0.0,2024-05-07,2024-06-29,53,Denied
CLM00212,POL0074,CUST029,AGT009,8346.31,25000,250,0.0,2024-03-29,,0,Pending
CLM00213,POL0083,CUST073,AGT007,9648.28,75000,1000,8648.28,2024-07-03,2024-07-13,10,Approved
CLM00214,POL0021,CUST068,AGT010,22970.59,450000,5000,17970.59,2024-05-07,2024-05-26,19,Approved
CLM00215,POL0078,CUST072,AGT002,12504.39,40000,1500,11004.39,2023-11-10,2023-12-03,23,Approved
CLM00216,POL0023,CUST030,AGT002,2004.71,55000,250,1754.71,2024-06-20,2024-07-04,14,Approved
CLM00217,POL0118,CUST059,AGT005,468861.59,890000,0,0.0,2024-10-05,2024-11-07,33,Denied
CLM00218,POL0107,CUST071,AGT010,3097.69,75000,500,2597.69,2023-07-12,2023-07-18,6,Approved
CLM00219,POL0075,CUST015,AGT001,13648.23,535000,2500,0.0,2025-03-28,,0,Pending
CLM00220,POL0022,CUST064,AGT008,22548.56,25000,1000,21548.56,2024-12-11,2025-01-07,27,Approved
CLM00221,POL0022,CUST064,AGT002,7215.0,25000,1000,0.0,2024-07-07,,0,Pending
CLM00222,POL0042,CUST069,AGT007,88202.1,750000,0,0.0,2025-01-07,2025-03-13,65,Denied
CLM00223,POL0106,CUST021,AGT008,15556.48,230000,500,0.0,2024-12-13,,0,Pending
CLM00224,POL0041,CUST012,AGT005,21304.99,30000,1000,20304.99,2023-06-19,2023-07-03,14,Approved
CLM00225,POL0089,CUST070,AGT005,287003.74,380000,0,287003.74,2025-04-01,2025-05-01,30,Approved
CLM00226,POL0038,CUST067,AGT004,8367.16,35000,1500,0.0,2023-06-20,2023-06-29,19,Under Review
CLM00227,POL0058,CUST038,AGT013,11044.78,55000,1000,10044.78,2024-01-05,2024-01-29,24,Approved
CLM00228,POL0080,CUST041,AGT001,22969.59,30000,1000,0.0,2024-04-17,,0,Pending
CLM00229,POL0082,CUST051,AGT004,1509.76,70000,1500,9.76,2023-08-20,2023-09-09,20,Approved
CLM00230,POL0073,CUST014,AGT009,17129.13,60000,250,16879.13,2023-06-26,2023-07-16,20,Approved
CLM00231,POL0099,CUST007,AGT004,22948.77,35000,1500,0.0,2023-07-27,2023-08-24,28,Denied
CLM00232,POL0115,CUST030,AGT004,61568.39,430000,1000,60568.39,2025-01-18,2025-02-09,22,Approved
CLM00233,POL0052,CUST051,AGT005,1775.49,670000,5000,0,2024-08-15,2024-08-29,14,Approved
CLM00234,POL0086,CUST026,AGT002,19797.93,75000,500,19297.93,2024-10-15,2024-10-24,9,Approved
CLM00235,POL0092,CUST065,AGT011,12367.61,90000,1000,11367.61,2024-01-12,2024-01-27,15,Approved
CLM00236,POL0059,CUST003,AGT004,8011.18,385000,500,7511.18,2025-04-21,2025-05-19,28,Approved
CLM00237,POL0096,CUST014,AGT006,5940.02,180000,5000,940.02,2025-01-18,2025-03-04,45,Approved
CLM00238,POL0045,CUST039,AGT010,101401.98,390000,0,101401.98,2024-10-17,2025-01-12,87,Approved
CLM00239,POL0015,CUST033,AGT006,9636.5,25000,250,0.0,2023-11-10,,0,Pending
CLM00240,POL0032,CUST055,AGT003,996.06,65000,1500,0,2023-06-14,2023-07-01,17,Approved
CLM00241,POL0091,CUST042,AGT002,67848.74,720000,500,0.0,2023-08-17,,0,Pending
CLM00242,POL0125,CUST073,AGT006,57161.44,265000,0,57161.44,2024-11-01,2025-01-25,85,Approved
CLM00243,POL0040,CUST038,AGT008,103204.0,200000,0,103204.0,2024-02-02,2024-03-28,55,Approved
CLM00244,POL0037,CUST018,AGT009,49680.91,335000,1000,48680.91,2024-12-03,2025-01-10,38,Approved
CLM00245,POL0053,CUST029,AGT007,23531.41,90000,1000,22531.41,2023-10-03,2023-10-15,12,Approved
CLM00246,POL0074,CUST029,AGT013,4237.15,25000,250,3987.15,2023-12-25,2024-01-23,29,Approved
CLM00247,POL0104,CUST026,AGT007,8530.23,35000,500,8030.23,2023-09-25,2023-09-30,5,Approved
CLM00248,POL0124,CUST062,AGT013,10717.72,45000,1500,0.0,2023-06-20,2023-07-05,15,Denied
CLM00249,POL0021,CUST068,AGT002,1732.66,450000,5000,0.0,2023-11-10,,0,Pending
CLM00250,POL0103,CUST010,AGT011,16201.64,25000,1500,14701.64,2024-10-29,2024-11-08,10,Approved
CLM00251,POL0102,CUST037,AGT007,9746.79,35000,500,0.0,2024-07-04,,0,Pending
CLM00252,POL0085,CUST044,AGT014,44296.75,270000,2500,41796.75,2024-12-20,2025-01-17,28,Approved
CLM00253,POL0113,CUST059,AGT005,4414.52,595000,1000,3414.52,2025-04-28,2025-05-09,11,Approved
CLM00254,POL0034,CUST004,AGT008,3387.67,45000,1000,2387.67,2023-12-29,2024-01-20,22,Approved
CLM00255,POL0034,CUST004,AGT004,7021.85,45000,1000,0.0,2024-02-16,,0,Pending
CLM00256,POL0010,CUST053,AGT011,1695.33,55000,1500,195.33,2024-07-24,2024-08-01,8,Approved
CLM00257,POL0023,CUST030,AGT002,2897.09,55000,250,2647.09,2024-04-08,2024-04-19,11,Approved
CLM00258,POL0115,CUST030,AGT012,59056.25,430000,1000,0.0,2023-12-05,,0,Pending
CLM00259,POL0035,CUST068,AGT013,18111.38,50000,500,17611.38,2024-10-06,2024-10-18,12,Approved
CLM00260,POL0039,CUST048,AGT001,13011.55,395000,1000,0.0,2024-10-08,,0,Pending
CLM00261,POL0092,CUST065,AGT015,13016.74,90000,1000,12016.74,2023-11-29,2023-12-10,11,Approved
CLM00262,POL0038,CUST067,AGT001,19966.52,35000,1500,18466.52,2024-05-06,2024-05-29,23,Approved
CLM00263,POL0074,CUST029,AGT007,6447.91,25000,250,6197.91,2023-10-03,2023-10-11,8,Approved
CLM00264,POL0081,CUST022,AGT015,7666.05,65000,500,7166.05,2024-12-13,2025-01-05,23,Approved
CLM00265,POL0052,CUST051,AGT015,30706.83,670000,5000,25706.83,2024-04-26,2024-05-16,20,Approved
CLM00266,POL0106,CUST021,AGT001,54776.52,230000,500,54276.52,2024-05-22,2024-07-03,42,Approved
CLM00267,POL0024,CUST068,AGT007,193802.75,955000,0,193802.75,2023-09-28,2023-11-28,61,Approved
CLM00268,POL0111,CUST035,AGT001,10762.56,50000,1500,9262.56,2024-12-13,2025-01-01,19,Approved
CLM00269,POL0122,CUST038,AGT006,9212.62,95000,250,8962.62,2025-01-27,2025-02-19,23,Approved
CLM00270,POL0064,CUST004,AGT007,24174.58,30000,250,23924.58,2023-07-22,2023-08-04,13,Approved
CLM00271,POL0022,CUST064,AGT001,20171.75,25000,1000,19171.75,2024-04-29,2024-05-14,15,Approved
CLM00272,POL0041,CUST012,AGT011,24188.7,30000,1000,23188.7,2023-06-20,2023-06-30,10,Approved
CLM00273,POL0097,CUST004,AGT002,420419.66,915000,0,0.0,2024-03-04,,0,Pending
CLM00274,POL0071,CUST045,AGT013,29369.73,675000,500,28869.73,2023-10-20,2023-10-30,10,Approved
CLM00275,POL0120,CUST004,AGT014,4934.23,65000,500,0.0,2024-10-31,2024-11-18,18,Denied
CLM00276,POL0114,CUST007,AGT002,1344.24,355000,5000,0.0,2024-09-20,,0,Pending
CLM00277,POL0113,CUST059,AGT003,28880.7,595000,1000,27880.7,2024-07-24,2024-08-11,18,Approved
CLM00278,POL0006,CUST071,AGT014,59085.36,385000,2500,56585.36,2025-03-24,2025-05-06,43,Approved
CLM00279,POL0106,CUST021,AGT012,15796.23,230000,500,15296.23,2023-07-09,2023-07-29,20,Approved
CLM00280,POL0104,CUST026,AGT002,7388.98,35000,500,6888.98,2025-05-10,2025-06-03,24,Approved
CLM00281,POL0121,CUST022,AGT011,4397.54,50000,250,4147.54,2024-05-27,2024-06-05,9,Approved
CLM00282,POL0119,CUST038,AGT009,20398.44,95000,1000,19398.44,2023-11-21,2023-12-05,14,Approved
CLM00283,POL0105,CUST074,AGT005,71022.47,365000,2500,68522.47,2023-09-25,2023-10-30,35,Approved
CLM00284,POL0112,CUST026,AGT002,48553.07,590000,2500,46053.07,2025-02-09,2025-02-28,19,Approved
CLM00285,POL0086,CUST026,AGT006,858.18,75000,500,358.18,2024-06-06,2024-06-24,18,Approved
CLM00286,POL0110,CUST042,AGT008,2939.18,75000,1500,0.0,2024-09-05,2024-09-25,20,Denied
CLM00287,POL0109,CUST031,AGT005,81311.82,725000,0,81311.82,2024-10-23,2024-11-30,38,Approved
CLM00288,POL0038,CUST067,AGT004,2655.66,35000,1500,0.0,2023-12-09,2023-12-25,16,Denied
CLM00289,POL0004,CUST063,AGT010,14242.97,30000,1000,13242.97,2025-02-26,2025-03-22,24,Approved
CLM00290,POL0087,CUST024,AGT001,21821.4,60000,1500,20321.4,2023-10-09,2023-10-25,16,Approved
CLM00291,POL0075,CUST015,AGT006,4377.3,535000,2500,1877.3,2024-08-18,2024-09-14,27,Approved
CLM00292,POL0071,CUST045,AGT002,17390.43,675000,500,16890.43,2025-03-30,2025-04-17,18,Approved
CLM00293,POL0029,CUST037,AGT002,21059.81,50000,1500,19559.81,2024-09-01,2024-09-23,22,Approved
CLM00294,POL0092,CUST065,AGT007,5941.9,90000,1000,4941.9,2024-02-05,2024-02-24,19,Approved
CLM00295,POL0055,CUST031,AGT014,60374.33,245000,500,59874.33,2024-12-15,2025-01-08,24,Approved
CLM00296,POL0076,CUST020,AGT003,290185.76,645000,0,290185.76,2024-06-13,2024-09-02,81,Approved
CLM00297,POL0034,CUST004,AGT013,14872.8,45000,1000,0.0,2024-07-19,,0,Under Review
CLM00298,POL0061,CUST042,AGT008,73838.32,735000,1000,72838.32,2024-02-29,2024-03-10,10,Approved
CLM00299,POL0051,CUST045,AGT006,56826.99,250000,2500,0.0,2024-11-02,,0,Pending
CLM00300,POL0028,CUST024,AGT009,54226.68,215000,0,54226.68,2024-07-02,2024-09-17,77,Approved
CLM00301,POL0009,CUST054,AGT014,15029.47,465000,2500,0.0,2025-02-12,,0,Pending
CLM00302,POL0061,CUST042,AGT008,12137.3,735000,1000,0.0,2025-01-09,,0,Pending
CLM00303,POL0093,CUST011,AGT013,47494.11,530000,5000,0.0,2023-09-12,,0,Pending
CLM00304,POL0030,CUST015,AGT001,23964.57,35000,500,23464.57,2023-11-22,2023-12-15,23,Approved
CLM00305,POL0016,CUST047,AGT002,194153.55,380000,0,0.0,2023-10-11,2024-01-03,84,Denied
CLM00306,POL0115,CUST030,AGT006,62353.14,430000,1000,61353.14,2024-12-09,2025-01-15,37,Approved
CLM00307,POL0075,CUST015,AGT001,40614.47,535000,2500,38114.47,2024-03-16,2024-04-22,37,Approved
CLM00308,POL0107,CUST071,AGT010,6141.35,75000,500,0.0,2023-10-17,,0,Under Review
CLM00309,POL0101,CUST056,AGT011,9926.41,265000,500,9426.41,2024-11-21,2024-12-20,29,Approved
CLM00310,POL0042,CUST069,AGT014,296152.28,750000,0,296152.28,2025-01-30,2025-04-17,77,Approved
CLM00311,POL0066,CUST060,AGT001,37452.3,380000,2500,34952.3,2025-01-08,2025-02-18,41,Approved
CLM00312,POL0073,CUST014,AGT010,15447.81,60000,250,15197.81,2025-05-09,2025-05-30,21,Approved
CLM00313,POL0018,CUST016,AGT009,13886.77,80000,1500,12386.77,2023-12-30,2024-01-04,5,Approved
CLM00314,POL0052,CUST051,AGT009,57417.45,670000,5000,0.0,2025-02-02,,0,Pending
CLM00315,POL0101,CUST056,AGT005,15624.49,265000,500,15124.49,2024-03-07,2024-03-25,18,Approved
CLM00316,POL0107,CUST071,AGT008,24946.77,75000,500,0.0,2024-09-11,,0,Pending
CLM00317,POL0118,CUST059,AGT004,293495.1,890000,0,293495.1,2023-10-22,2024-01-19,89,Approved
CLM00318,POL0021,CUST068,AGT014,24319.77,450000,5000,19319.77,2024-12-24,2025-01-12,19,Approved
CLM00319,POL0032,CUST055,AGT006,14137.82,65000,1500,12637.82,2024-06-03,2024-06-27,24,Approved
CLM00320,POL0093,CUST011,AGT014,67824.65,530000,5000,62824.65,2024-03-18,2024-04-16,29,Approved
CLM00321,POL0117,CUST008,AGT003,16854.19,80000,500,0.0,2024-09-06,,0,Pending
CLM00322,POL0057,CUST069,AGT007,69782.94,230000,5000,0.0,2025-04-15,,0,Pending
CLM00323,POL0076,CUST020,AGT001,253183.01,645000,0,0.0,2024-01-08,2024-03-18,70,Denied
CLM00324,POL0089,CUST070,AGT013,297120.56,380000,0,297120.56,2024-01-16,2024-04-06,81,Approved
CLM00325,POL0068,CUST058,AGT009,9727.59,75000,1500,0.0,2024-03-15,2024-03-27,12,Denied
CLM00326,POL0090,CUST054,AGT008,13899.35,40000,500,0.0,2025-01-22,2025-01-27,5,Denied
CLM00327,POL0041,CUST012,AGT010,14643.44,30000,1000,13643.44,2023-07-11,2023-07-22,11,Approved
CLM00328,POL0031,CUST042,AGT008,17044.47,65000,1000,16044.47,2024-01-20,2024-02-02,13,Approved
CLM00329,POL0053,CUST029,AGT012,14002.11,90000,1000,13002.11,2024-06-03,2024-06-11,8,Approved
CLM00330,POL0085,CUST044,AGT013,36208.88,270000,2500,33708.88,2023-08-09,2023-09-01,23,Approved
CLM00331,POL0036,CUST065,AGT012,372628.12,435000,0,0.0,2025-02-12,2025-04-13,60,Denied
CLM00332,POL0092,CUST065,AGT010,9505.58,90000,1000,8505.58,2025-04-12,2025-05-12,30,Approved
CLM00333,POL0051,CUST045,AGT013,41203.6,250000,2500,38703.6,2025-02-27,2025-04-10,42,Approved
CLM00334,POL0092,CUST065,AGT001,20225.73,90000,1000,19225.73,2023-12-12,2023-12-21,9,Approved
CLM00335,POL0092,CUST065,AGT001,24970.21,90000,1000,23970.21,2024-01-19,2024-02-06,18,Approved
CLM00336,POL0066,CUST060,AGT013,7925.35,380000,2500,5425.35,2024-07-08,2024-08-18,41,Approved
CLM00337,POL0068,CUST058,AGT015,2891.72,75000,1500,1391.72,2024-11-18,2024-12-04,16,Approved
CLM00338,POL0104,CUST026,AGT006,14770.72,35000,500,14270.72,2024-09-25,2024-10-11,16,Approved
CLM00339,POL0115,CUST030,AGT003,12052.91,430000,1000,11052.91,2025-03-03,2025-04-14,42,Approved
CLM00340,POL0017,CUST009,AGT004,1619.89,390000,2500,0,2024-05-07,2024-06-02,26,Approved
CLM00341,POL0068,CUST058,AGT011,21660.19,75000,1500,20160.19,2025-05-10,2025-05-19,9,Approved
CLM00342,POL0026,CUST074,AGT010,54933.62,350000,5000,49933.62,2023-09-09,2023-10-07,28,Approved
CLM00343,POL0055,CUST031,AGT008,14611.9,245000,500,0.0,2024-02-21,2024-03-03,11,Denied
CLM00344,POL0123,CUST070,AGT012,137701.17,705000,0,137701.17,2023-08-26,2023-09-29,34,Approved
CLM00345,POL0090,CUST054,AGT014,516.2,40000,500,0.0,2024-05-23,,0,Under Review
CLM00346,POL0097,CUST004,AGT008,471271.32,915000,0,0.0,2024-08-07,,0,Pending
CLM00347,POL0060,CUST061,AGT003,238226.43,615000,0,238226.43,2024-11-26,2025-01-10,45,Approved
CLM00348,POL0035,CUST068,AGT014,6246.61,50000,500,5746.61,2025-03-16,2025-04-02,17,Approved
CLM00349,POL0068,CUST058,AGT011,13391.83,75000,1500,0.0,2025-03-23,2025-04-21,29,Denied
CLM00350,POL0038,CUST067,AGT011,2435.35,35000,1500,935.35,2025-03-22,2025-04-16,25,Approved
CLM00351,POL0111,CUST035,AGT005,17775.45,50000,1500,16275.45,2024-08-23,2024-09-09,17,Approved
CLM00352,POL0043,CUST051,AGT006,766.92,80000,250,516.92,2024-06-30,2024-07-05,5,Approved
CLM00353,POL0102,CUST037,AGT012,22837.96,35000,500,22337.96,2023-12-27,2024-01-25,29,Approved
CLM00354,POL0054,CUST002,AGT014,5556.34,95000,1000,0.0,2023-08-05,,0,Pending
CLM00355,POL0022,CUST064,AGT014,24369.08,25000,1000,23369.08,2023-08-24,2023-09-18,25,Approved
CLM00356,POL0018,CUST016,AGT004,6643.4,80000,1500,5143.4,2024-04-27,2024-05-07,10,Approved
CLM00357,POL0107,CUST071,AGT011,4946.25,75000,500,4446.25,2024-04-30,2024-05-11,11,Approved
CLM00358,POL0102,CUST037,AGT012,9182.76,35000,500,8682.76,2023-07-14,2023-08-01,18,Approved
CLM00359,POL0049,CUST043,AGT010,22398.47,45000,1000,0.0,2024-07-07,,0,Pending
CLM00360,POL0111,CUST035,AGT005,23427.67,50000,1500,21927.67,2024-06-04,2024-06-15,11,Approved
CLM00361,POL0105,CUST074,AGT004,27701.06,365000,2500,25201.06,2023-12-02,2024-01-13,42,Approved
CLM00362,POL0056,CUST066,AGT010,16972.0,75000,1500,0.0,2023-08-16,,0,Pending
CLM00363,POL0077,CUST065,AGT008,9252.1,75000,1500,7752.1,2023-09-04,2023-09-26,22,Approved
CLM00364,POL0028,CUST024,AGT012,76576.61,215000,0,0.0,2024-10-29,,0,Pending
CLM00365,POL0045,CUST039,AGT005,366463.09,390000,0,0.0,2024-10-18,2024-11-20,33,Denied
CLM00366,POL0082,CUST051,AGT010,689.46,70000,1500,0,2024-09-19,2024-09-27,8,Approved
CLM00367,POL0116,CUST047,AGT004,38417.1,265000,1000,37417.1,2024-12-14,2025-01-12,29,Approved
CLM00368,POL0091,CUST042,AGT010,43449.5,720000,500,42949.5,2025-01-05,2025-02-13,39,Approved
CLM00369,POL0109,CUST031,AGT007,350273.0,725000,0,350273.0,2025-01-09,2025-02-27,49,Approved
CLM00370,POL0058,CUST038,AGT007,5298.85,55000,1000,4298.85,2025-02-02,2025-02-25,23,Approved
CLM00371,POL0085,CUST044,AGT001,61577.13,270000,2500,59077.13,2023-12-07,2023-12-29,22,Approved
CLM00372,POL0124,CUST062,AGT011,24539.97,45000,1500,0.0,2025-02-02,2025-02-08,6,Denied
CLM00373,POL0122,CUST038,AGT015,9482.04,95000,250,9232.04,2023-12-24,2024-01-02,9,Approved
CLM00374,POL0015,CUST033,AGT010,10563.74,25000,250,0.0,2023-11-25,2023-12-10,30,Under Review
CLM00375,POL0017,CUST009,AGT010,44085.18,390000,2500,41585.18,2025-03-21,2025-04-25,35,Approved
CLM00376,POL0001,CUST057,AGT009,12963.61,565000,5000,0.0,2023-12-25,2024-02-04,41,Denied
CLM00377,POL0040,CUST038,AGT001,89787.09,200000,0,0.0,2023-12-02,2024-01-20,49,Denied
CLM00378,POL0045,CUST039,AGT007,40571.93,390000,0,0.0,2024-07-30,2024-09-05,37,Denied
CLM00379,POL0021,CUST068,AGT004,13700.66,450000,5000,8700.66,2023-09-29,2023-11-02,34,Approved
CLM00380,POL0066,CUST060,AGT006,24621.44,380000,2500,22121.44,2025-03-17,2025-03-30,13,Approved
CLM00381,POL0042,CUST069,AGT007,315081.79,750000,0,315081.79,2024-02-27,2024-05-14,77,Approved
CLM00382,POL0112,CUST026,AGT008,68738.14,590000,2500,66238.14,2023-12-11,2024-01-16,36,Approved
CLM00383,POL0103,CUST010,AGT014,12848.48,25000,1500,11348.48,2024-09-24,2024-10-09,15,Approved
CLM00384,POL0013,CUST045,AGT013,46275.55,260000,500,45775.55,2024-04-26,2024-05-25,29,Approved
CLM00385,POL0007,CUST008,AGT002,2755.54,385000,2500,255.54,2024-02-24,2024-03-30,35,Approved
CLM00386,POL0024,CUST068,AGT005,32247.62,955000,0,32247.62,2024-10-13,2024-12-01,49,Approved
CLM00387,POL0098,CUST046,AGT002,56420.13,150000,500,55920.13,2024-03-10,2024-03-25,15,Approved
CLM00388,POL0071,CUST045,AGT008,2944.88,675000,500,2444.88,2023-12-02,2024-01-07,36,Approved
CLM00389,POL0019,CUST047,AGT015,59002.75,350000,5000,54002.75,2023-11-12,2023-12-21,39,Approved
CLM00390,POL0092,CUST065,AGT005,23165.62,90000,1000,22165.62,2024-03-15,2024-04-02,18,Approved
CLM00391,POL0109,CUST031,AGT009,125324.44,725000,0,125324.44,2023-12-09,2024-03-02,84,Approved
CLM00392,POL0033,CUST034,AGT007,13815.4,80000,1500,12315.4,2023-08-28,2023-09-27,30,Approved
CLM00393,POL0043,CUST051,AGT010,24876.25,80000,250,24626.25,2024-11-04,2024-11-28,24,Approved
CLM00394,POL0085,CUST044,AGT005,32540.12,270000,2500,0.0,2024-09-19,2024-10-11,22,Denied
CLM00395,POL0061,CUST042,AGT003,73230.25,735000,1000,72230.25,2024-08-30,2024-09-11,12,Approved
CLM00396,POL0067,CUST066,AGT006,17225.06,95000,500,16725.06,2024-01-15,2024-02-13,29,Approved
CLM00397,POL0104,CUST026,AGT008,16427.5,35000,500,0.0,2024-08-23,,0,Pending
CLM00398,POL0068,CUST058,AGT008,24228.02,75000,1500,0.0,2023-12-11,2023-12-26,15,Denied
CLM00399,POL0117,CUST008,AGT013,20943.76,80000,500,20443.76,2023-07-07,2023-08-02,26,Approved
CLM00400,POL0116,CUST047,AGT015,65585.1,265000,1000,64585.1,2024-02-20,2024-03-01,10,Approved
CLM00401,POL0103,CUST010,AGT003,16585.56,25000,1500,15085.56,2024-01-15,2024-02-01,17,Approved
CLM00402,POL0096,CUST014,AGT015,8358.8,180000,5000,3358.8,2024-12-25,2025-01-31,37,Approved
CLM00403,POL0060,CUST061,AGT006,25756.9,615000,0,0.0,2023-10-23,,0,Pending
CLM00404,POL0075,CUST015,AGT014,51921.99,535000,2500,49421.99,2024-01-27,2024-03-04,37,Approved
CLM00405,POL0090,CUST054,AGT006,6012.75,40000,500,5512.75,2023-08-19,2023-09-17,29,Approved
CLM00406,POL0109,CUST031,AGT009,495848.52,725000,0,495848.52,2023-12-21,2024-03-13,83,Approved
CLM00407,POL0022,CUST064,AGT007,6166.99,25000,1000,5166.99,2024-11-03,2024-11-14,11,Approved
CLM00408,POL0023,CUST030,AGT015,8485.36,55000,250,0.0,2024-05-03,2024-06-02,30,Denied
CLM00409,POL0005,CUST014,AGT014,64216.25,730000,0,64216.25,2023-09-04,2023-12-01,88,Approved
CLM00410,POL0092,CUST065,AGT011,14853.17,90000,1000,0.0,2023-09-13,,0,Pending
CLM00411,POL0078,CUST072,AGT001,20615.68,40000,1500,19115.68,2025-02-06,2025-03-06,28,Approved
CLM00412,POL0120,CUST004,AGT005,13539.24,65000,500,13039.24,2024-03-27,2024-04-14,18,Approved
CLM00413,POL0091,CUST042,AGT001,31385.55,720000,500,30885.55,2024-11-30,2025-01-14,45,Approved
CLM00414,POL0040,CUST038,AGT001,125480.93,200000,0,125480.93,2024-04-02,2024-06-08,67,Approved
CLM00415,POL0011,CUST062,AGT014,333188.95,520000,0,333188.95,2024-07-18,2024-10-08,82,Approved
CLM00416,POL0025,CUST070,AGT005,47712.76,630000,5000,0.0,2025-01-02,,0,Pending
CLM00417,POL0067,CUST066,AGT006,13976.51,95000,500,13476.51,2024-04-18,2024-05-13,25,Approved
CLM00418,POL0118,CUST059,AGT011,123410.16,890000,0,123410.16,2024-08-15,2024-10-04,50,Approved
CLM00419,POL0068,CUST058,AGT013,13126.33,75000,1500,11626.33,2024-10-18,2024-11-03,16,Approved
CLM00420,POL0053,CUST029,AGT011,10808.63,90000,1000,9808.63,2024-08-02,2024-08-30,28,Approved
CLM00421,POL0057,CUST069,AGT008,42789.23,230000,5000,37789.23,2024-03-30,2024-05-08,39,Approved
CLM00422,POL0114,CUST007,AGT002,57064.77,355000,5000,0.0,2024-10-16,,0,Pending
CLM00423,POL0116,CUST047,AGT008,12818.28,265000,1000,0.0,2024-04-18,,0,Pending
CLM00424,POL0067,CUST066,AGT009,16436.17,95000,500,15936.17,2024-01-29,2024-02-09,11,Approved
CLM00425,POL0005,CUST014,AGT003,271977.88,730000,0,271977.88,2025-01-07,2025-03-03,55,Approved
CLM00426,POL0088,CUST011,AGT002,15029.59,40000,1500,0.0,2023-06-21,,0,Pending
CLM00427,POL0112,CUST026,AGT010,3771.1,590000,2500,0.0,2023-10-12,2023-10-19,14,Under Review
CLM00428,POL0031,CUST042,AGT008,1954.14,65000,1000,954.14,2025-02-01,2025-02-09,8,Approved
CLM00429,POL0110,CUST042,AGT003,9534.26,75000,1500,8034.26,2024-06-18,2024-07-16,28,Approved
CLM00430,POL0023,CUST030,AGT009,22864.35,55000,250,22614.35,2025-04-07,2025-04-18,11,Approved
CLM00431,POL0100,CUST066,AGT001,26151.5,330000,500,25651.5,2025-02-12,2025-03-27,43,Approved
CLM00432,POL0115,CUST030,AGT008,11763.29,430000,1000,10763.29,2025-02-24,2025-03-26,30,Approved
CLM00433,POL0011,CUST062,AGT015,143867.96,520000,0,143867.96,2023-11-28,2024-01-03,36,Approved
CLM00434,POL0033,CUST034,AGT003,17775.47,80000,1500,0.0,2024-03-15,,0,Pending
CLM00435,POL0075,CUST015,AGT012,11265.67,535000,2500,0.0,2023-06-29,2023-07-05,13,Under Review
CLM00436,POL0026,CUST074,AGT011,53512.83,350000,5000,48512.83,2024-12-13,2025-01-16,34,Approved
CLM00437,POL0004,CUST063,AGT002,15927.56,30000,1000,0.0,2023-07-16,2023-07-29,13,Denied
CLM00438,POL0023,CUST030,AGT001,13580.43,55000,250,13330.43,2024-01-12,2024-01-18,6,Approved
CLM00439,POL0093,CUST011,AGT005,69933.17,530000,5000,64933.17,2023-11-01,2023-11-15,14,Approved
CLM00440,POL0051,CUST045,AGT011,63654.73,250000,2500,61154.73,2025-04-05,2025-04-20,15,Approved
CLM00441,POL0046,CUST055,AGT007,16228.62,75000,1000,15228.62,2025-05-10,2025-06-07,28,Approved
CLM00442,POL0029,CUST037,AGT008,17359.19,50000,1500,15859.19,2024-02-27,2024-03-09,11,Approved
CLM00443,POL0087,CUST024,AGT009,11904.85,60000,1500,10404.85,2024-08-15,2024-08-29,14,Approved
CLM00444,POL0057,CUST069,AGT001,42768.08,230000,5000,37768.08,2024-03-23,2024-04-14,22,Approved
CLM00445,POL0115,CUST030,AGT003,8332.21,430000,1000,0.0,2025-01-29,2025-03-11,41,Denied
CLM00446,POL0056,CUST066,AGT008,2335.42,75000,1500,835.42,2024-11-18,2024-11-26,8,Approved
CLM00447,POL0085,CUST044,AGT009,7740.66,270000,2500,5240.66,2024-05-19,2024-06-14,26,Approved
CLM00448,POL0051,CUST045,AGT002,11365.45,250000,2500,8865.45,2024-05-13,2024-05-28,15,Approved
CLM00449,POL0017,CUST009,AGT004,39428.42,390000,2500,0.0,2024-06-21,,0,Pending
CLM00450,POL0065,CUST068,AGT008,24491.9,85000,500,0.0,2024-01-16,,0,Pending
CLM00451,POL0006,CUST071,AGT008,33623.93,385000,2500,31123.93,2023-07-19,2023-08-25,37,Approved
CLM00452,POL0077,CUST065,AGT007,14926.22,75000,1500,13426.22,2024-02-01,2024-02-15,14,Approved
CLM00453,POL0092,CUST065,AGT015,23599.11,90000,1000,22599.11,2025-04-10,2025-05-06,26,Approved
CLM00454,POL0037,CUST018,AGT014,41569.89,335000,1000,0.0,2023-06-10,,0,Pending
CLM00455,POL0069,CUST037,AGT011,275006.81,805000,0,275006.81,2024-01-26,2024-03-31,65,Approved
CLM00456,POL0074,CUST029,AGT002,23586.82,25000,250,0.0,2024-12-01,,0,Pending
CLM00457,POL0093,CUST011,AGT005,11830.95,530000,5000,6830.95,2024-10-21,2024-12-01,41,Approved
CLM00458,POL0040,CUST038,AGT010,141145.8,200000,0,0.0,2024-11-21,2025-02-01,72,Denied
CLM00459,POL0012,CUST070,AGT015,20711.0,55000,1000,0.0,2024-11-08,,0,Pending
CLM00460,POL0122,CUST038,AGT008,4435.91,95000,250,4185.91,2024-07-05,2024-07-14,9,Approved
CLM00461,POL0006,CUST071,AGT005,11180.05,385000,2500,8680.05,2025-04-23,2025-05-25,32,Approved
CLM00462,POL0084,CUST013,AGT006,3280.15,255000,500,2780.15,2023-12-04,2023-12-19,15,Approved
CLM00463,POL0113,CUST059,AGT004,46015.81,595000,1000,45015.81,2023-10-05,2023-11-13,39,Approved
CLM00464,POL0093,CUST011,AGT012,52600.14,530000,5000,47600.14,2024-09-13,2024-10-01,18,Approved
CLM00465,POL0025,CUST070,AGT002,8121.13,630000,5000,3121.13,2024-01-12,2024-01-23,11,Approved
CLM00466,POL0110,CUST042,AGT014,19227.93,75000,1500,17727.93,2023-11-20,2023-12-09,19,Approved
CLM00467,POL0077,CUST065,AGT011,14693.97,75000,1500,0.0,2024-09-30,2024-10-29,29,Denied
CLM00468,POL0015,CUST033,AGT003,23865.67,25000,250,0.0,2024-08-14,,0,Pending
CLM00469,POL0118,CUST059,AGT006,159305.75,890000,0,159305.75,2023-10-13,2023-12-15,63,Approved
CLM00470,POL0047,CUST051,AGT015,22726.51,65000,250,22476.51,2024-07-28,2024-08-16,19,Approved
CLM00471,POL0112,CUST026,AGT001,64413.29,590000,2500,0.0,2024-02-26,2024-03-17,20,Denied
CLM00472,POL0093,CUST011,AGT003,13754.64,530000,5000,8754.64,2024-06-19,2024-07-30,41,Approved
CLM00473,POL0054,CUST002,AGT008,5427.56,95000,1000,4427.56,2025-04-06,2025-04-25,19,Approved
CLM00474,POL0094,CUST065,AGT005,16767.2,45000,1500,0.0,2025-02-10,2025-02-17,7,Denied
CLM00475,POL0124,CUST062,AGT009,6107.11,45000,1500,0.0,2024-09-13,2024-09-26,13,Denied
CLM00476,POL0047,CUST051,AGT007,9837.24,65000,250,9587.24,2024-02-11,2024-03-02,20,Approved
CLM00477,POL0058,CUST038,AGT014,11544.41,55000,1000,10544.41,2024-10-28,2024-11-13,16,Approved
CLM00478,POL0018,CUST016,AGT008,18278.61,80000,1500,0.0,2024-04-03,,0,Pending
CLM00479,POL0063,CUST003,AGT004,6453.6,80000,250,6203.6,2023-10-16,2023-10-23,7,Approved
CLM00480,POL0112,CUST026,AGT003,6733.46,590000,2500,4233.46,2024-11-02,2024-11-19,17,Approved
CLM00481,POL0070,CUST029,AGT005,15431.92,35000,500,14931.92,2024-03-16,2024-04-07,22,Approved
CLM00482,POL0055,CUST031,AGT001,68269.9,245000,500,67769.9,2023-06-14,2023-07-07,23,Approved
CLM00483,POL0088,CUST011,AGT006,8388.47,40000,1500,0.0,2024-04-15,2024-04-21,13,Under Review
CLM00484,POL0097,CUST004,AGT008,361539.81,915000,0,361539.81,2025-03-28,2025-05-26,59,Approved
CLM00485,POL0027,CUST073,AGT006,6903.01,75000,250,6653.01,2024-12-04,2024-12-29,25,Approved
CLM00486,POL0084,CUST013,AGT006,35116.96,255000,500,34616.96,2024-10-24,2024-11-16,23,Approved
CLM00487,POL0075,CUST015,AGT007,15111.06,535000,2500,0.0,2025-04-08,,0,Pending
CLM00488,POL0056,CUST066,AGT010,5674.79,75000,1500,4174.79,2025-01-20,2025-02-10,21,Approved
CLM00489,POL0012,CUST070,AGT003,12806.04,55000,1000,11806.04,2024-09-13,2024-09-24,11,Approved
CLM00490,POL0080,CUST041,AGT012,1399.15,30000,1000,399.15,2024-01-04,2024-01-20,16,Approved
CLM00491,POL0016,CUST047,AGT006,66648.43,380000,0,66648.43,2023-07-04,2023-08-13,40,Approved
CLM00492,POL0001,CUST057,AGT006,71684.48,565000,5000,0.0,2025-05-04,,0,Pending
CLM00493,POL0100,CUST066,AGT007,55803.64,330000,500,55303.64,2024-12-21,2025-01-13,23,Approved
CLM00494,POL0061,CUST042,AGT008,70566.03,735000,1000,69566.03,2024-04-17,2024-05-17,30,Approved
CLM00495,POL0008,CUST028,AGT006,61260.27,680000,2500,0.0,2025-02-02,,0,Pending
CLM00496,POL0080,CUST041,AGT013,15866.86,30000,1000,14866.86,2024-12-22,2024-12-28,6,Approved
CLM00497,POL0087,CUST024,AGT001,10231.78,60000,1500,8731.78,2023-12-25,2024-01-24,30,Approved
CLM00498,POL0081,CUST022,AGT001,5146.38,65000,500,4646.38,2023-09-17,2023-10-03,16,Approved
CLM00499,POL0025,CUST070,AGT003,34797.42,630000,5000,29797.42,2024-03-06,2024-04-13,38,Approved
CLM00500,POL0116,CUST047,AGT007,29099.42,265000,1000,28099.42,2024-01-05,2024-01-15,10,Approved
CLM00501,POL0016,CUST047,AGT009,155877.84,380000,0,0.0,2023-11-16,2023-12-22,72,Under Review
CLM00502,POL0071,CUST045,AGT002,72173.95,675000,500,71673.95,2023-07-30,2023-08-30,31,Approved
CLM00503,POL0076,CUST020,AGT014,287016.03,645000,0,0.0,2024-11-29,,0,Pending
CLM00504,POL0063,CUST003,AGT010,8857.83,80000,250,8607.83,2024-05-18,2024-06-14,27,Approved
CLM00505,POL0061,CUST042,AGT007,49831.54,735000,1000,48831.54,2024-12-01,2025-01-04,34,Approved
CLM00506,POL0120,CUST004,AGT015,3382.4,65000,500,2882.4,2023-08-15,2023-08-27,12,Approved
CLM00507,POL0040,CUST038,AGT003,133884.63,200000,0,0.0,2024-12-23,,0,Pending
CLM00508,POL0123,CUST070,AGT007,430723.05,705000,0,430723.05,2024-05-28,2024-07-22,55,Approved
CLM00509,POL0078,CUST072,AGT014,20819.43,40000,1500,19319.43,2024-01-02,2024-01-29,27,Approved
CLM00510,POL0049,CUST043,AGT006,17202.11,45000,1000,0.0,2024-04-26,,0,Pending
CLM00511,POL0097,CUST004,AGT003,381284.89,915000,0,0.0,2025-04-22,,0,Pending
CLM00512,POL0042,CUST069,AGT008,337063.37,750000,0,337063.37,2025-04-25,2025-07-12,78,Approved
CLM00513,POL0121,CUST022,AGT003,15229.67,50000,250,14979.67,2024-05-23,2024-06-01,9,Approved
CLM00514,POL0022,CUST064,AGT010,16175.01,25000,1000,15175.01,2024-12-13,2024-12-20,7,Approved
CLM00515,POL0066,CUST060,AGT006,21946.3,380000,2500,19446.3,2024-09-21,2024-11-04,44,Approved
CLM00516,POL0025,CUST070,AGT015,15527.16,630000,5000,0.0,2023-11-23,,0,Pending
CLM00517,POL0069,CUST037,AGT005,242518.71,805000,0,242518.71,2023-08-24,2023-11-01,69,Approved
CLM00518,POL0076,CUST020,AGT015,373651.56,645000,0,0.0,2025-01-17,,0,Pending
CLM00519,POL0018,CUST016,AGT001,15034.73,80000,1500,13534.73,2025-03-23,2025-03-30,7,Approved
CLM00520,POL0080,CUST041,AGT001,9364.08,30000,1000,8364.08,2023-12-01,2023-12-19,18,Approved
CLM00521,POL0040,CUST038,AGT012,193019.21,200000,0,193019.21,2024-06-09,2024-07-10,31,Approved
CLM00522,POL0051,CUST045,AGT014,36933.17,250000,2500,0.0,2023-11-28,2023-12-23,25,Denied
CLM00523,POL0074,CUST029,AGT011,9239.96,25000,250,8989.96,2025-01-02,2025-01-26,24,Approved
CLM00524,POL0121,CUST022,AGT014,20099.72,50000,250,19849.72,2024-05-03,2024-05-12,9,Approved
CLM00525,POL0007,CUST008,AGT011,4966.91,385000,2500,2466.91,2023-12-15,2024-01-02,18,Approved
CLM00526,POL0112,CUST026,AGT003,17322.64,590000,2500,14822.64,2025-03-15,2025-04-14,30,Approved
CLM00527,POL0055,CUST031,AGT014,56403.72,245000,500,0.0,2024-08-01,,0,Pending
CLM00528,POL0097,CUST004,AGT005,154770.8,915000,0,154770.8,2025-02-22,2025-05-09,76,Approved
CLM00529,POL0066,CUST060,AGT012,44731.71,380000,2500,0.0,2025-04-08,,0,Pending
CLM00530,POL0119,CUST038,AGT001,22931.66,95000,1000,21931.66,2024-07-26,2024-08-13,18,Approved
CLM00531,POL0029,CUST037,AGT012,3843.01,50000,1500,2343.01,2025-01-13,2025-01-25,12,Approved
CLM00532,POL0112,CUST026,AGT015,14132.86,590000,2500,11632.86,2023-07-18,2023-08-26,39,Approved
CLM00533,POL0055,CUST031,AGT014,66173.08,245000,500,65673.08,2024-12-18,2025-01-24,37,Approved
CLM00534,POL0098,CUST046,AGT010,43457.88,150000,500,0.0,2024-01-31,,0,Pending
CLM00535,POL0051,CUST045,AGT014,36862.34,250000,2500,34362.34,2023-06-11,2023-07-12,31,Approved
CLM00536,POL0014,CUST057,AGT008,72429.68,295000,1000,71429.68,2023-12-23,2024-02-06,45,Approved
CLM00537,POL0022,CUST064,AGT002,24448.4,25000,1000,23448.4,2023-09-11,2023-10-07,26,Approved
CLM00538,POL0026,CUST074,AGT005,7513.69,350000,5000,0.0,2025-02-23,2025-04-06,42,Denied
CLM00539,POL0076,CUST020,AGT005,462011.89,645000,0,462011.89,2024-02-27,2024-05-07,70,Approved
CLM00540,POL0058,CUST038,AGT009,16833.81,55000,1000,15833.81,2024-08-03,2024-08-31,28,Approved
CLM00541,POL0083,CUST073,AGT001,19130.32,75000,1000,18130.32,2024-08-09,2024-08-30,21,Approved
CLM00542,POL0050,CUST009,AGT006,18709.31,70000,500,18209.31,2024-10-02,2024-10-15,13,Approved
CLM00543,POL0023,CUST030,AGT015,11461.63,55000,250,11211.63,2023-08-17,2023-09-16,30,Approved
CLM00544,POL0096,CUST014,AGT014,25143.5,180000,5000,20143.5,2024-05-04,2024-05-23,19,Approved
CLM00545,POL0100,CUST066,AGT014,61877.68,330000,500,61377.68,2023-11-11,2023-12-17,36,Approved
CLM00546,POL0004,CUST063,AGT006,19060.68,30000,1000,0.0,2023-10-30,2023-11-28,29,Denied
CLM00547,POL0042,CUST069,AGT010,289011.01,750000,0,289011.01,2024-10-06,2024-11-06,31,Approved
CLM00548,POL0090,CUST054,AGT001,5549.31,40000,500,5049.31,2024-02-24,2024-03-01,6,Approved
CLM00549,POL0099,CUST007,AGT004,5142.59,35000,1500,3642.59,2025-05-10,2025-05-27,17,Approved
CLM00550,POL0004,CUST063,AGT015,5160.18,30000,1000,4160.18,2024-01-27,2024-02-16,20,Approved
CLM00551,POL0025,CUST070,AGT007,61569.25,630000,5000,0.0,2024-01-20,2024-02-15,26,Denied
CLM00552,POL0105,CUST074,AGT002,63756.44,365000,2500,61256.44,2024-06-27,2024-08-02,36,Approved
CLM00553,POL0043,CUST051,AGT007,1089.87,80000,250,839.87,2025-02-01,2025-02-11,10,Approved
CLM00554,POL0077,CUST065,AGT004,8423.6,75000,1500,6923.6,2024-03-02,2024-03-15,13,Approved
CLM00555,POL0078,CUST072,AGT012,20261.53,40000,1500,18761.53,2024-03-07,2024-03-27,20,Approved
CLM00556,POL0095,CUST051,AGT008,7271.2,100000,250,7021.2,2024-03-14,2024-04-01,18,Approved
CLM00557,POL0085,CUST044,AGT005,17499.57,270000,2500,14999.57,2023-11-21,2023-12-19,28,Approved
CLM00558,POL0046,CUST055,AGT012,1989.28,75000,1000,989.28,2023-10-07,2023-10-28,21,Approved
CLM00559,POL0040,CUST038,AGT002,72684.04,200000,0,72684.04,2024-06-24,2024-07-24,30,Approved
CLM00560,POL0116,CUST047,AGT008,59079.44,265000,1000,58079.44,2024-08-08,2024-09-07,30,Approved
CLM00561,POL0020,CUST065,AGT007,7562.66,95000,1500,6062.66,2025-01-31,2025-02-07,7,Approved
CLM00562,POL0076,CUST020,AGT005,481050.64,645000,0,481050.64,2024-10-07,2024-12-26,80,Approved
CLM00563,POL0053,CUST029,AGT002,8547.01,90000,1000,7547.01,2025-03-23,2025-03-30,7,Approved
CLM00564,POL0069,CUST037,AGT001,462522.95,805000,0,0.0,2025-01-16,2025-04-01,75,Denied
CLM00565,POL0089,CUST070,AGT007,97265.03,380000,0,97265.03,2023-10-27,2023-12-20,54,Approved
CLM00566,POL0019,CUST047,AGT005,43359.83,350000,5000,0.0,2024-09-30,,0,Pending
CLM00567,POL0052,CUST051,AGT002,44452.9,670000,5000,0.0,2023-08-24,,0,Pending
CLM00568,POL0107,CUST071,AGT005,11096.81,75000,500,10596.81,2024-08-02,2024-08-09,7,Approved
CLM00569,POL0012,CUST070,AGT011,9497.23,55000,1000,8497.23,2024-06-03,2024-06-18,15,Approved
CLM00570,POL0093,CUST011,AGT002,13175.29,530000,5000,0.0,2024-09-08,,0,Pending
CLM00571,POL0031,CUST042,AGT009,4696.31,65000,1000,0.0,2023-08-28,,0,Pending
CLM00572,POL0097,CUST004,AGT004,217202.56,915000,0,217202.56,2023-11-26,2023-12-28,32,Approved
CLM00573,POL0027,CUST073,AGT015,1327.62,75000,250,1077.62,2025-04-06,2025-04-22,16,Approved
CLM00574,POL0055,CUST031,AGT003,34685.63,245000,500,0.0,2024-08-03,,0,Pending
CLM00575,POL0115,CUST030,AGT013,32075.81,430000,1000,31075.81,2023-10-26,2023-11-11,16,Approved
CLM00576,POL0021,CUST068,AGT009,53293.92,450000,5000,48293.92,2024-04-22,2024-06-03,42,Approved
CLM00577,POL0038,CUST067,AGT006,18927.47,35000,1500,17427.47,2025-01-20,2025-02-04,15,Approved
CLM00578,POL0021,CUST068,AGT012,8517.55,450000,5000,3517.55,2024-04-16,2024-04-28,12,Approved
CLM00579,POL0065,CUST068,AGT015,14090.99,85000,500,0.0,2024-02-28,2024-03-17,18,Denied
CLM00580,POL0034,CUST004,AGT008,1355.93,45000,1000,355.93,2024-05-01,2024-05-13,12,Approved
CLM00581,POL0004,CUST063,AGT006,960.08,30000,1000,0,2024-09-30,2024-10-23,23,Approved
CLM00582,POL0089,CUST070,AGT012,29436.23,380000,0,0.0,2024-07-07,,0,Pending
CLM00583,POL0060,CUST061,AGT008,220159.84,615000,0,220159.84,2024-03-13,2024-05-20,68,Approved
CLM00584,POL0123,CUST070,AGT008,451972.03,705000,0,451972.03,2024-01-07,2024-03-26,79,Approved
CLM00585,POL0046,CUST055,AGT001,18822.13,75000,1000,0.0,2025-03-08,,0,Pending
CLM00586,POL0080,CUST041,AGT013,14906.23,30000,1000,0.0,2024-10-03,,0,Pending
CLM00587,POL0088,CUST011,AGT003,13944.27,40000,1500,12444.27,2024-10-06,2024-10-13,7,Approved
CLM00588,POL0122,CUST038,AGT008,18498.58,95000,250,18248.58,2023-10-13,2023-10-31,18,Approved
CLM00589,POL0089,CUST070,AGT006,268950.65,380000,0,0.0,2024-01-22,,0,Pending
CLM00590,POL0015,CUST033,AGT002,12943.57,25000,250,12693.57,2024-09-13,2024-09-24,11,Approved
CLM00591,POL0065,CUST068,AGT001,19445.91,85000,500,18945.91,2024-10-11,2024-10-31,20,Approved
CLM00592,POL0045,CUST039,AGT010,129379.75,390000,0,0.0,2023-09-19,,0,Pending
CLM00593,POL0052,CUST051,AGT004,28736.05,670000,5000,0.0,2025-03-05,2025-04-17,43,Denied
CLM00594,POL0076,CUST020,AGT003,251529.85,645000,0,0.0,2024-05-04,,0,Pending
CLM00595,POL0080,CUST041,AGT013,14366.14,30000,1000,13366.14,2025-01-03,2025-01-20,17,Approved
CLM00596,POL0109,CUST031,AGT008,221460.3,725000,0,221460.3,2024-12-30,2025-02-03,35,Approved
CLM00597,POL0004,CUST063,AGT010,13690.96,30000,1000,12690.96,2024-01-14,2024-01-25,11,Approved
CLM00598,POL0009,CUST054,AGT003,34477.73,465000,2500,31977.73,2023-08-18,2023-09-19,32,Approved
CLM00599,POL0068,CUST058,AGT012,12089.57,75000,1500,0.0,2024-01-14,,0,Pending
CLM00600,POL0033,CUST034,AGT005,4951.1,80000,1500,3451.1,2024-03-30,2024-04-26,27,Approved
CLM00601,POL0065,CUST068,AGT004,18802.21,85000,500,0.0,2023-11-20,,0,Pending
CLM00602,POL0011,CUST062,AGT009,400894.76,520000,0,0.0,2025-02-15,,0,Pending
CLM00603,POL0095,CUST051,AGT001,3347.07,100000,250,0.0,2024-03-27,,0,Pending
CLM00604,POL0088,CUST011,AGT002,16492.86,40000,1500,0.0,2024-08-22,,0,Pending
CLM00605,POL0013,CUST045,AGT003,27294.66,260000,500,26794.66,2025-01-25,2025-03-09,43,Approved
CLM00606,POL0022,CUST064,AGT003,15435.91,25000,1000,14435.91,2023-06-28,2023-07-10,12,Approved
CLM00607,POL0122,CUST038,AGT008,20658.54,95000,250,0.0,2023-06-30,,0,Pending
CLM00608,POL0112,CUST026,AGT010,73715.56,590000,2500,71215.56,2024-01-16,2024-02-18,33,Approved
CLM00609,POL0113,CUST059,AGT002,39338.15,595000,1000,38338.15,2025-01-03,2025-01-21,18,Approved
CLM00610,POL0061,CUST042,AGT014,61814.08,735000,1000,60814.08,2024-05-20,2024-06-28,39,Approved
CLM00611,POL0099,CUST007,AGT001,21603.49,35000,1500,0.0,2024-09-26,,0,Pending
CLM00612,POL0074,CUST029,AGT013,23848.73,25000,250,23598.73,2025-03-14,2025-04-01,18,Approved
CLM00613,POL0014,CUST057,AGT008,12610.04,295000,1000,11610.04,2024-08-08,2024-09-13,36,Approved
CLM00614,POL0051,CUST045,AGT006,51793.1,250000,2500,49293.1,2024-10-05,2024-10-26,21,Approved
CLM00615,POL0005,CUST014,AGT008,247357.93,730000,0,247357.93,2024-10-08,2024-11-13,36,Approved
CLM00616,POL0122,CUST038,AGT002,6496.32,95000,250,6246.32,2024-05-17,2024-06-12,26,Approved
CLM00617,POL0097,CUST004,AGT002,424174.5,915000,0,0.0,2024-08-31,,0,Pending
CLM00618,POL0072,CUST027,AGT007,13748.65,50000,250,13498.65,2025-04-24,2025-05-19,25,Approved
CLM00619,POL0041,CUST012,AGT008,24071.06,30000,1000,23071.06,2024-01-18,2024-02-07,20,Approved
CLM00620,POL0047,CUST051,AGT012,14285.88,65000,250,14035.88,2024-10-02,2024-10-28,26,Approved
CLM00621,POL0021,CUST068,AGT010,15199.16,450000,5000,10199.16,2025-03-23,2025-04-14,22,Approved
CLM00622,POL0027,CUST073,AGT003,21097.75,75000,250,20847.75,2024-12-24,2025-01-01,8,Approved
CLM00623,POL0041,CUST012,AGT011,10715.46,30000,1000,9715.46,2024-12-11,2025-01-02,22,Approved
CLM00624,POL0006,CUST071,AGT009,51975.97,385000,2500,49475.97,2024-06-15,2024-07-06,21,Approved
CLM00625,POL0032,CUST055,AGT004,12169.6,65000,1500,10669.6,2024-11-13,2024-11-23,10,Approved
CLM00626,POL0050,CUST009,AGT001,13240.7,70000,500,12740.7,2023-08-20,2023-09-06,17,Approved
CLM00627,POL0105,CUST074,AGT010,51566.97,365000,2500,49066.97,2023-06-27,2023-07-25,28,Approved
CLM00628,POL0090,CUST054,AGT004,1146.66,40000,500,646.66,2024-05-19,2024-06-12,24,Approved
CLM00629,POL0015,CUST033,AGT004,10024.53,25000,250,9774.53,2024-01-10,2024-01-20,10,Approved
CLM00630,POL0021,CUST068,AGT007,10791.2,450000,5000,5791.2,2024-12-08,2025-01-11,34,Approved
CLM00631,POL0036,CUST065,AGT007,244147.61,435000,0,244147.61,2024-03-08,2024-05-13,66,Approved
CLM00632,POL0032,CUST055,AGT007,16803.22,65000,1500,15303.22,2024-07-04,2024-07-28,24,Approved
CLM00633,POL0091,CUST042,AGT011,65284.05,720000,500,0.0,2023-07-10,,0,Pending
CLM00634,POL0017,CUST009,AGT010,52187.45,390000,2500,0.0,2025-04-22,,0,Pending
CLM00635,POL0123,CUST070,AGT004,141246.26,705000,0,0.0,2025-01-10,,0,Pending
CLM00636,POL0072,CUST027,AGT010,2467.93,50000,250,0.0,2025-04-26,,0,Pending
CLM00637,POL0092,CUST065,AGT012,17797.76,90000,1000,16797.76,2024-10-21,2024-10-31,10,Approved
CLM00638,POL0106,CUST021,AGT009,51953.0,230000,500,0.0,2024-01-27,,0,Pending
CLM00639,POL0032,CUST055,AGT014,9589.36,65000,1500,8089.36,2024-01-08,2024-01-23,15,Approved
CLM00640,POL0091,CUST042,AGT015,64319.73,720000,500,63819.73,2023-10-02,2023-11-08,37,Approved
CLM00641,POL0125,CUST073,AGT014,127257.52,265000,0,0.0,2024-02-09,2024-04-28,79,Denied
CLM00642,POL0081,CUST022,AGT004,6460.88,65000,500,5960.88,2024-04-21,2024-04-29,8,Approved
CLM00643,POL0106,CUST021,AGT004,13792.33,230000,500,13292.33,2024-12-11,2024-12-31,20,Approved
CLM00644,POL0057,CUST069,AGT002,66872.45,230000,5000,61872.45,2023-09-24,2023-10-24,30,Approved
CLM00645,POL0058,CUST038,AGT006,14121.71,55000,1000,0.0,2023-11-26,,0,Pending
CLM00646,POL0047,CUST051,AGT012,4020.91,65000,250,3770.91,2024-10-16,2024-10-29,13,Approved
CLM00647,POL0011,CUST062,AGT014,304119.48,520000,0,304119.48,2024-05-27,2024-07-10,44,Approved
CLM00648,POL0093,CUST011,AGT005,45178.48,530000,5000,40178.48,2024-08-18,2024-09-12,25,Approved
CLM00649,POL0046,CUST055,AGT015,14162.64,75000,1000,0.0,2023-10-02,,0,Pending
CLM00650,POL0068,CUST058,AGT013,6325.34,75000,1500,4825.34,2024-10-09,2024-11-05,27,Approved
